{"cameraMode":{"drawMode":0,"name":"Shaded","section":"Shading Mode"},"sceneLighting":false,"audioPlay":false,"sceneViewState":{"showFog":true,"showMaterialUpdate":true,"showSkybox":false,"showFlares":true,"showImageEffects":true,"showParticleSystems":true},"in2DMode":false,"pivot":{"x":-5.485007286071777,"y":2.8903968334198,"z":-12.810990333557129},"rotation":{"x":0.03334585204720497,"y":0.8476601243019104,"z":-0.05377202108502388,"w":0.5269289612770081},"size":1.9782321453094483,"orthographic":false}