{"cameraMode":{"drawMode":0,"name":"Shaded","section":"Shading Mode"},"sceneLighting":true,"audioPlay":false,"sceneViewState":{"showFog":true,"showMaterialUpdate":true,"showSkybox":true,"showFlares":true,"showImageEffects":true,"showParticleSystems":true},"in2DMode":false,"pivot":{"x":-6.9388885498046879,"y":4.92120361328125,"z":4.287326812744141},"rotation":{"x":0.3478792607784271,"y":0.36769211292266848,"z":-0.1506313532590866,"w":0.8491816520690918},"size":13.161850929260254,"orthographic":false}