{"cameraMode":{"drawMode":0,"name":"Shaded","section":"Shading Mode"},"sceneLighting":true,"audioPlay":false,"sceneViewState":{"showFog":true,"showMaterialUpdate":true,"showSkybox":true,"showFlares":true,"showImageEffects":true,"showParticleSystems":true},"in2DMode":false,"pivot":{"x":1.9905335903167725,"y":1.2742528915405274,"z":2.228825807571411},"rotation":{"x":-0.11002802103757858,"y":-0.27926066517829897,"z":0.032221969217061999,"w":-0.9533670544624329},"size":3.2567520141601564,"orthographic":false}