{"cameraMode":{"drawMode":0,"name":"Shaded","section":"Shading Mode"},"sceneLighting":true,"audioPlay":false,"sceneViewState":{"showFog":true,"showMaterialUpdate":true,"showSkybox":true,"showFlares":true,"showImageEffects":true,"showParticleSystems":true},"in2DMode":false,"pivot":{"x":0.2776618003845215,"y":1.673163652420044,"z":-1.996247410774231},"rotation":{"x":0.022189395502209665,"y":-0.9177939891815186,"z":0.05181996524333954,"w":0.3930806517601013},"size":2.956752061843872,"orthographic":false}